hotel_id,review_id,rating,language,title,theme,sentiment,score,nb_phrases,phrases
147802,1078266041,5.0,fr,TOPISSIME,chambre,positive,0.449,1,Personnel nourriture chambre piscines plage service au top du top du top.
147802,1078266041,5.0,fr,TOPISSIME,nourriture,positive,0.449,1,Personnel nourriture chambre piscines plage service au top du top du top.
147802,1078266041,5.0,fr,TOPISSIME,service,positive,0.577,2,"Excellent hôtel, service impeccable et très professionnel. | Personnel nourriture chambre piscines plage service au top du top du top."
147802,1078266041,5.0,fr,TOPISSIME,personnel,positive,0.577,2,"Excellent hôtel, service impeccable et très professionnel. | Personnel nourriture chambre piscines plage service au top du top du top."
147802,1078266041,5.0,fr,TOPISSIME,piscine,positive,0.449,1,Personnel nourriture chambre piscines plage service au top du top du top.
147802,1078266041,5.0,fr,TOPISSIME,plage,positive,0.449,1,Personnel nourriture chambre piscines plage service au top du top du top.
147802,1078585212,5.0,en,A Wonderful Experience at Amarina Abu Soma ❤️,service,positive,0.518,1,"The quality of the services provided was excellent, and it was clear that the staff genuinely care about their guests and want them to have the best possible experience."
147802,1078585212,5.0,en,A Wonderful Experience at Amarina Abu Soma ❤️,personnel,positive,0.334,5,"Our stay at Amarina Abu Soma was truly unforgettable, and what made it so special was the incredible warmth and kindness of the people working there. | From the moment we arrived, we were welcomed with genuine smiles, exceptional hospitality, and a level of friendliness that made us feel right at home. | The interactions we had with the staff were outstanding, and their kindness, professionalism, "
147802,1078585212,5.0,en,A Wonderful Experience at Amarina Abu Soma ❤️,famille,neutral,0.0,1,"Amarina Abu Soma is not just a place to stay; it is a place where you feel at home, surrounded by people who make you feel like family."
147802,1076618082,5.0,en,Great Hotel,propreté,positive,0.337,4,"Also, a big thank you to Mr. Karam, Housekeeping Manager, who is clearly very knowledgeable about his department and staff. | Many thanks as well to Mr. Sayed from the Housekeeping team and Mr. Abdo, the bellman, for their kindness, support, and excellent service. | I want to thank every one at hotel specially at restaurant and and bars The beach is clean, sandy, and enjoyable, and the aquapark is"
147802,1076618082,5.0,en,Great Hotel,chambre,neutral,0.0,1,I stayed at Amarina Abu Soma from September 1st to September 5th in two Standard Sea View rooms.
147802,1076618082,5.0,en,Great Hotel,nourriture,positive,0.353,2,"The hotel also offers a rich buffet with a good variety of items, with different choices for lunch and dinner. | The excellent hospitality, professional staff, cleanliness, food variety, and beautiful beach made our stay very enjoyable Thank you to the whole Amarina Abu Soma team for making our stay a memorable one!"
147802,1076618082,5.0,en,Great Hotel,service,positive,0.643,1,"Many thanks as well to Mr. Sayed from the Housekeeping team and Mr. Abdo, the bellman, for their kindness, support, and excellent service."
147802,1076618082,5.0,en,Great Hotel,personnel,positive,0.493,5,"Overall, it was a great experience, mainly because of the very professional staff and the high level of hospitality throughout our stay. | A special million thanks to Mr. Basem, Assistant Front Office Manager, who was extremely helpful, professional, and genuinely one of the best hotel staff members I have ever met. | Also, a big thank you to Mr. Karam, Housekeeping Manager, who is clearly very kn"
147802,1076618082,5.0,en,Great Hotel,plage,positive,0.353,2,"I want to thank every one at hotel specially at restaurant and and bars The beach is clean, sandy, and enjoyable, and the aquapark is a nice option for children. | The excellent hospitality, professional staff, cleanliness, food variety, and beautiful beach made our stay very enjoyable Thank you to the whole Amarina Abu Soma team for making our stay a memorable one!"
147802,1076618082,5.0,en,Great Hotel,famille,neutral,0.0,1,"I want to thank every one at hotel specially at restaurant and and bars The beach is clean, sandy, and enjoyable, and the aquapark is a nice option for children."
150283,1078626585,3.0,fr,Ne mérite pas 5 étoiles,chambre,negative,-0.375,1,Odeurs d'égouts dans wc et salle de bain.
150283,1078626585,3.0,fr,Ne mérite pas 5 étoiles,nourriture,negative,-0.385,2,A part les pâtisseries le reste des plats étaient moyens et souvent trop épicés. | Pas beaucoup de choix et toujours la même chose.
150283,1078626585,3.0,fr,Ne mérite pas 5 étoiles,service,negative,-0.639,1,Très mauvaise organisation pour le service dans la salle du restaurant.
150283,1078626585,3.0,fr,Ne mérite pas 5 étoiles,personnel,negative,-0.394,1,"A part certains, le reste du personnel peu aimable ou vous ignore."
150283,1078626585,3.0,fr,Ne mérite pas 5 étoiles,animation,negative,-0.562,1,Animations pratiquement inexistantes.
150283,1078626585,3.0,fr,Ne mérite pas 5 étoiles,sport_activites,negative,-0.51,1,Tir à l'arc et mini-golf n'existaient pas bien que mis dans la brochure.
150283,1078626585,3.0,fr,Ne mérite pas 5 étoiles,piscine,negative,-0.394,1,Manque souvent de serviettes de piscine.
150283,1078626585,3.0,fr,Ne mérite pas 5 étoiles,emplacement,positive,0.531,1,Emplacement idéal et très belle architecture de l'hôtel.
150283,1078626585,3.0,fr,Ne mérite pas 5 étoiles,installations,neutral,-0.0,3,Emplacement idéal et très belle architecture de l'hôtel. | Bâtiment ayant besoin de beaucoup de petits travaux. | La moitié des transats complètement défoncés.
35232,1078478750,4.0,en,Fabulous,propreté,neutral,0.0,1,Welcome drink on arrival cleaner in every day bed changed every two days water Food we had plenty the buffet was plenty choice plus rolls burgers salad at the pool Entertainment the entertainment staff were fab they had Zumba kids club water sports even took part in some the beach disco the guys were brilliant even took part in activities it makes urge holiday disco every nite at night The the bea
35232,1078478750,4.0,en,Fabulous,chambre,positive,0.188,2,The room was absolutely gorgeous best I’ve experienced we had 3 balconies jacuzzi bath it was absolutely perfect. | Welcome drink on arrival cleaner in every day bed changed every two days water Food we had plenty the buffet was plenty choice plus rolls burgers salad at the pool Entertainment the entertainment staff were fab they had Zumba kids club water sports even took part in some the beach di
35232,1078478750,4.0,en,Fabulous,nourriture,neutral,0.0,1,Welcome drink on arrival cleaner in every day bed changed every two days water Food we had plenty the buffet was plenty choice plus rolls burgers salad at the pool Entertainment the entertainment staff were fab they had Zumba kids club water sports even took part in some the beach disco the guys were brilliant even took part in activities it makes urge holiday disco every nite at night The the bea
35232,1078478750,4.0,en,Fabulous,service,positive,0.581,1,Welcome drink on arrival cleaner in every day bed changed every two days water Food we had plenty the buffet was plenty choice plus rolls burgers salad at the pool Entertainment the entertainment staff were fab they had Zumba kids club water sports even took part in some the beach disco the guys were brilliant even took part in activities it makes urge holiday disco every nite at night The the bea
35232,1078478750,4.0,en,Fabulous,personnel,positive,0.282,1,Welcome drink on arrival cleaner in every day bed changed every two days water Food we had plenty the buffet was plenty choice plus rolls burgers salad at the pool Entertainment the entertainment staff were fab they had Zumba kids club water sports even took part in some the beach disco the guys were brilliant even took part in activities it makes urge holiday disco every nite at night The the bea
35232,1078478750,4.0,en,Fabulous,animation,positive,0.44,1,Welcome drink on arrival cleaner in every day bed changed every two days water Food we had plenty the buffet was plenty choice plus rolls burgers salad at the pool Entertainment the entertainment staff were fab they had Zumba kids club water sports even took part in some the beach disco the guys were brilliant even took part in activities it makes urge holiday disco every nite at night The the bea
35232,1078478750,4.0,en,Fabulous,sport_activites,positive,0.554,1,Welcome drink on arrival cleaner in every day bed changed every two days water Food we had plenty the buffet was plenty choice plus rolls burgers salad at the pool Entertainment the entertainment staff were fab they had Zumba kids club water sports even took part in some the beach disco the guys were brilliant even took part in activities it makes urge holiday disco every nite at night The the bea
35232,1078478750,4.0,en,Fabulous,piscine,neutral,0.095,2,Welcome drink on arrival cleaner in every day bed changed every two days water Food we had plenty the buffet was plenty choice plus rolls burgers salad at the pool Entertainment the entertainment staff were fab they had Zumba kids club water sports even took part in some the beach disco the guys were brilliant even took part in activities it makes urge holiday disco every nite at night The the bea
35232,1078478750,4.0,en,Fabulous,plage,positive,0.545,1,Welcome drink on arrival cleaner in every day bed changed every two days water Food we had plenty the buffet was plenty choice plus rolls burgers salad at the pool Entertainment the entertainment staff were fab they had Zumba kids club water sports even took part in some the beach disco the guys were brilliant even took part in activities it makes urge holiday disco every nite at night The the bea
35232,1078478750,4.0,en,Fabulous,emplacement,positive,0.188,2,Welcome drink on arrival cleaner in every day bed changed every two days water Food we had plenty the buffet was plenty choice plus rolls burgers salad at the pool Entertainment the entertainment staff were fab they had Zumba kids club water sports even took part in some the beach disco the guys were brilliant even took part in activities it makes urge holiday disco every nite at night The the bea
35232,1078478750,4.0,en,Fabulous,rapport qualité-prix,negative,-0.232,2,Downfall refused to pay 25 euro to use the spa. | Pool sauna This should be included in the price Would I go again absolutely
35232,1078478750,4.0,en,Fabulous,installations,neutral,0.012,3,The room was absolutely gorgeous best I’ve experienced we had 3 balconies jacuzzi bath it was absolutely perfect. | Downfall refused to pay 25 euro to use the spa. | Pool sauna This should be included in the price Would I go again absolutely
35232,1078478750,4.0,en,Fabulous,famille,positive,0.545,1,Welcome drink on arrival cleaner in every day bed changed every two days water Food we had plenty the buffet was plenty choice plus rolls burgers salad at the pool Entertainment the entertainment staff were fab they had Zumba kids club water sports even took part in some the beach disco the guys were brilliant even took part in activities it makes urge holiday disco every nite at night The the bea
35232,1078392549,3.0,en,Average for what you pay,chambre,negative,-0.132,1,"Just spent two weeks here the advertised a fridge in your room but it's just a cooler it's not very good the air conditioning only goes down to 19 degrees and is very poor the room had ants all over it even in the fridge the food is okay the location middle of nowhere a couple of shops locally Chinese restaurant a couple of bars that's about it would not return, mostly German tourists and it seems"
35232,1078392549,3.0,en,Average for what you pay,nourriture,negative,-0.489,1,"Just spent two weeks here the advertised a fridge in your room but it's just a cooler it's not very good the air conditioning only goes down to 19 degrees and is very poor the room had ants all over it even in the fridge the food is okay the location middle of nowhere a couple of shops locally Chinese restaurant a couple of bars that's about it would not return, mostly German tourists and it seems"
35232,1078392549,3.0,en,Average for what you pay,service,negative,-0.455,1,"Just spent two weeks here the advertised a fridge in your room but it's just a cooler it's not very good the air conditioning only goes down to 19 degrees and is very poor the room had ants all over it even in the fridge the food is okay the location middle of nowhere a couple of shops locally Chinese restaurant a couple of bars that's about it would not return, mostly German tourists and it seems"
35232,1078392549,3.0,en,Average for what you pay,emplacement,negative,-0.474,1,"Just spent two weeks here the advertised a fridge in your room but it's just a cooler it's not very good the air conditioning only goes down to 19 degrees and is very poor the room had ants all over it even in the fridge the food is okay the location middle of nowhere a couple of shops locally Chinese restaurant a couple of bars that's about it would not return, mostly German tourists and it seems"
35232,1077753827,5.0,en,Had a great time,propreté,positive,0.301,1,Apart from that we had no issues and the cleaners always did a great job.
35232,1077753827,5.0,en,Had a great time,chambre,negative,-0.19,2,Lovey room with balcony. | I think the bathroom was a wet room because the shower would leak all over the bathroom floor and also soaked through the wall where the bed was!
35232,1077753827,5.0,en,Had a great time,nourriture,neutral,0.0,1,"Restaurant catered for pretty much everyone, food was labelled and so much choice, although desserts all looked different but tasted the same."
35232,1077753827,5.0,en,Had a great time,service,negative,-0.503,1,"The bars were always well stocked with most drinks, although there was almost always a queue."
35232,1077753827,5.0,en,Had a great time,personnel,positive,0.562,1,The staff were always pleasant and helpful Myself and my 2 daughters had a great holiday and would definitely come back
35232,1077753827,5.0,en,Had a great time,emplacement,positive,0.5,1,"Lovely hotel, very spacious with amazing views."
35232,1077753827,5.0,en,Had a great time,famille,positive,0.281,2,Came for 5 nights with my adult daughters. | The staff were always pleasant and helpful Myself and my 2 daughters had a great holiday and would definitely come back
